sgRNA	Evmut
WT	0
mut1	4.69812174403887
mut2	2.88792651223775
mut4	3.12179390343226
mut5	2.84043972471591
A	7.56476004813521
B	6.07170378742921
I	7.85382157595996
K	6.12563301096816
E	7.60779340322733
G	5.76975287240384
2I2	10.8794058304466
2A1	10.5158183427739
A41	10.8299300393373
2B4	9.11692953041529
4x	13.8969009292741
